V1,V2,V3,V4,V5,Class
1.7494,-0.0504,-0.4321,0.7681,-0.5974,Nasal
1.9682,-0.8207,-0.2183,0.09,0.4641,Nasal
-0.1535,-0.1977,1.1861,0.1394,-0.6372,Oral
-0.3297,-0.2271,0.3609,-1.5044,-1.9235,Oral
2.6405,-0.7292,-1.0152,-0.3963,-0.2138,Nasal
-0.3896,-0.1427,1.1188,0.7823,1.64,Oral
-0.6329,-0.8434,1.3743,0.6327,-0.9017,Nasal
2.727,-0.6513,-1.0146,-0.5952,-0.2025,Nasal
-0.3085,2.3032,-1.4698,-0.131,0.644,Nasal
1.128,0.2493,-0.2796,-0.0796,0.9975,Nasal
-0.5548,-0.6635,0.0011,2.2888,3.1646,Oral
2.5357,-0.9321,0.4546,-0.8731,-0.3034,Nasal
-0.6965,0.1202,0.5805,-0.9965,-0.5288,Nasal
-0.6108,-0.6058,1.0654,0.9094,1.0432,Nasal
1.4165,1.0724,-1.4273,0.2495,-0.5134,Nasal
0.2162,-0.9025,1.0946,0.6139,-0.5432,Oral
-0.3632,-0.1528,0.7033,-0.9728,0.32,Nasal
-0.4052,1.5831,0.2416,-0.9216,-0.4207,Nasal
1.706,-0.7095,-0.9941,-0.3496,-0.2111,Nasal
0.0441,0.7014,0.2173,-0.8366,-0.3922,Nasal
0.1511,0.305,0.5438,0.5612,1.9156,Oral
-0.6188,-0.5196,1.1913,-1.4809,-0.6927,Nasal
2.4296,-1.1126,-0.6334,-0.4052,0.0659,Nasal
-0.818,-0.7827,0.1977,0.6419,-0.1231,Oral
-0.7214,-0.2571,0.2186,0.9574,-0.1231,Nasal
-0.791,-1.0651,-0.2706,1.9709,-1.2682,Nasal
-0.2743,-0.1333,0.8243,-1.3549,2.8129,Oral
0.2625,0.4575,1.0249,-1.251,-0.4729,Oral
1.2208,-0.3907,-0.4657,-0.2758,-0.6281,Nasal
-0.7776,-0.8781,-0.1619,1.182,1.3419,Oral
-0.7714,-0.8778,-0.3121,-1.3133,-0.1231,Nasal
1.4214,-0.165,-1.0312,-0.3975,0.0218,Nasal
2.5767,-1.9616,-1.0159,-0.6153,-0.2105,Nasal
0.8179,1.3989,-1.2769,-0.2429,0.9025,Nasal
-0.4829,-0.3441,1.2987,-1.1299,-0.5442,Nasal
-0.0872,2.551,-1.3992,-0.1929,-0.3856,Nasal
-0.7419,-0.9189,-1.8332,1.1475,-1.0585,Nasal
-0.6643,0.7937,0.1694,-0.034,-0.1231,Nasal
-0.6362,-0.2445,0.8511,0.4928,0.5841,Nasal
-0.5768,-0.4599,0.9908,1.0395,3.0069,Oral
-0.5609,-0.1172,1.553,-1.2735,-0.5886,Nasal
-0.3858,-0.5185,1.4677,-1.4398,0.7749,Oral
1.1068,-0.4597,0.6674,0.5684,0.781,Nasal
2.7104,-0.5393,-0.5934,0.379,-0.6061,Nasal
2.0327,-0.2855,-0.4734,-0.0584,0.3891,Nasal
-1.1115,-2.1984,-2.0475,-1.6854,-0.1231,Oral
-0.8557,-1.0409,-0.2405,0.6684,-0.1231,Nasal
1.1451,-0.5873,-0.6951,-0.3453,-0.3946,Nasal
-0.1197,-0.2527,-0.4664,-0.6441,-0.0039,Nasal
-0.4776,1.7056,-0.0392,0.1921,-0.1231,Nasal
1.3488,-0.8396,-0.9888,-0.5937,-0.1884,Nasal
-0.6381,0.6707,0.7399,0.126,-0.5381,Nasal
-0.2002,0.2892,1.1353,0.3611,-0.5594,Nasal
0.6486,-0.2691,-0.5313,-0.3137,-0.409,Nasal
2.659,-0.6148,-1.0317,-0.3878,-0.0293,Nasal
-0.6092,-0.6977,1.872,-1.5226,1.6329,Oral
-0.6474,-0.203,1.4942,-1.3163,-0.6483,Nasal
0.394,1.2054,0.4865,0.3243,-0.8145,Nasal
-0.6827,-0.4526,1.9563,-1.4218,0.8185,Nasal
-0.7237,0.2293,1.4701,-1.598,-0.6378,Nasal
0.6485,0.4617,-0.458,-0.1883,0.1254,Nasal
1.6231,-0.713,-0.9935,-0.3755,-0.2073,Nasal
3.2065,-1.8683,-0.6876,-0.6083,-0.2007,Nasal
0.1519,0.1081,-1.2018,-0.6713,-0.2386,Nasal
-0.6524,-0.4521,0.0227,2.0828,-0.1231,Oral
-0.497,-0.3865,2.0019,-1.5534,-0.6631,Nasal
-0.3698,0.4448,0.202,1.691,-1.0505,Oral
2.0234,0.0101,-0.4441,0.5917,-0.4842,Nasal
-0.8085,-0.8193,0.1842,-0.5168,-0.1231,Oral
2.2778,0.3226,-1.186,-0.0868,0.4943,Nasal
-0.3847,1.2481,0.2529,0.9838,-0.8308,Oral
-0.3317,1.9108,-1.6232,-0.825,-0.3928,Nasal
-0.4328,1.266,0.5699,0.3977,-0.5455,Nasal
1.6046,-1.799,-0.3955,1.4579,-0.9032,Nasal
-0.6859,-0.6199,2.1188,1.0554,0.9797,Oral
0.2545,-0.0546,-0.5355,-0.2849,-0.3661,Nasal
2.3477,-1.8738,-0.9834,-0.4162,-0.2205,Nasal
-0.2362,1.4561,-0.0113,-0.0076,-0.6341,Nasal
-0.4574,-0.7754,0.2897,2.5735,-1.4081,Nasal
0.8256,1.099,-1.2882,-0.718,0.143,Nasal
-0.5703,-0.7844,2.0228,0.5462,0.5249,Nasal
1.6111,-0.1467,-1.0366,-0.3769,-0.2222,Nasal
0.1807,1.7557,-1.3239,-0.7256,0.1319,Nasal
-0.597,0.2597,1.273,-1.2724,-0.1231,Nasal
0.1731,0.8417,1.176,-1.3603,-0.4619,Oral
-0.2563,-0.7894,1.0232,0.8578,-0.8027,Oral
-0.7258,-0.788,-0.232,0.7854,-0.1231,Oral
0.6287,0.1143,-0.4729,-0.6563,0.1181,Nasal
-0.6041,1.056,0.2394,0.5892,-0.8791,Nasal
0.8361,-0.4444,0.6056,0.8101,0.8402,Nasal
2.3811,-0.9606,-0.986,-0.4144,-0.2084,Nasal
-0.3342,-0.1538,0.9255,-1.1655,-0.5839,Oral
2.6444,-0.8455,-0.6094,-0.2411,-0.2274,Nasal
-1.0851,-0.0864,0.6817,0.246,-0.6132,Nasal
-1.0786,-0.7483,0.1553,1.6685,-1.5483,Oral
-0.7071,-1.1158,-0.1926,1.5244,1.9228,Oral
-0.71,-0.7517,0.1339,1.1898,1.0903,Oral
-0.7897,-0.9902,-0.3424,1.4173,1.5324,Oral
-0.6891,-0.4314,-0.2461,1.9031,1.9159,Oral
-0.8748,-1.1573,-0.0864,0.0556,-0.8941,Oral
-0.8311,-0.8318,-0.2767,-1.3125,4.5592,Nasal
-0.1255,0.7219,-0.3711,-0.1803,-0.6441,Nasal
-0.2903,0.8336,-1.2887,-0.7573,-0.3772,Nasal
1.2593,-0.4682,-0.6369,-0.3202,0.0698,Nasal
1.361,-0.2276,-0.4499,-0.6132,-0.2042,Nasal
-0.6323,-0.5208,0.6074,0.2993,-0.1231,Oral
1.5439,0.2347,-1.2833,-0.6708,-0.2695,Nasal
-0.686,0.637,-1.315,-0.0838,-0.3291,Nasal
-0.6768,0.9029,-0.0528,-0.039,-0.1231,Nasal
0.0435,1.3983,-1.4025,-0.7697,-0.3418,Nasal
1.0968,0.6666,-0.0259,0.8131,-0.6807,Nasal
-0.2357,1.5342,1.0741,0.3189,-0.4687,Oral
-0.8593,-1.0939,-0.3396,-1.2026,-1.8901,Nasal
3.1026,-1.8527,-0.6744,-0.6132,-0.0156,Nasal
0.2112,2.1349,-1.3131,-0.7184,-0.36,Nasal
-0.3499,1.7127,0.1884,0.0971,-0.4579,Nasal
-0.7489,-0.7489,0.797,1.0928,-0.1231,Nasal
-0.7498,-0.9526,0.233,1.6514,-1.159,Nasal
-0.5034,0.0253,0.9618,0.3678,-0.9061,Nasal
-0.4497,0.862,0.4511,0.2331,-0.6234,Nasal
-0.6179,-0.442,0.9439,2.8385,-1.4934,Oral
2.9147,-1.9179,-0.6676,-0.3735,-0.2269,Nasal
-0.8462,-1.1136,-0.1969,0.1481,-0.638,Oral
-0.6157,-0.0834,1.7496,0.6015,-0.7587,Nasal
-0.7984,-0.9166,-0.3205,0.6513,1.4253,Nasal
-0.6555,0.6179,0.6736,0.4655,-0.1231,Nasal
-0.4873,-0.3885,2.0529,0.5426,-0.6306,Nasal
-0.7658,-0.814,0.4265,-1.1528,-1.0434,Oral
-0.8356,-1.1311,-0.3963,0.8152,-0.8172,Oral
-0.7571,-1.0611,-0.2365,-0.104,1.2621,Nasal
-0.6789,-1.0505,-0.3963,1.2706,3.3959,Nasal
-0.6957,-0.1025,2.1472,-1.4623,-0.8451,Nasal
-0.7638,-1.291,-1.0569,0.3934,-1.7373,Oral
-0.317,1.1297,0.208,-0.02,0.2083,Nasal
-0.3093,1.1782,0.6681,-1.1696,-0.5085,Nasal
-0.526,-0.8732,1.1981,2.6324,-1.4419,Oral
-0.653,0.0316,1.4056,-1.1495,-0.5797,Oral
0.7096,-0.0039,-1.1676,-0.3899,-0.2155,Nasal
-0.0136,0.9003,0.3853,1.3699,-0.7371,Oral
-0.7253,-0.9934,1.2869,1.0744,2.4085,Oral
-0.725,-0.9864,-0.0743,1.9734,2.4473,Oral
0.3054,0.7534,0.3061,1.2287,-0.9182,Oral
-0.506,-0.459,2.0046,-1.3279,-1.0631,Nasal
-0.596,1.6555,-1.4456,-0.7885,-0.6491,Nasal
3.2228,-1.8581,-0.6895,-0.6217,-0.2808,Nasal
-0.6472,-0.0248,1.9269,-1.3694,-0.6492,Nasal
-0.3193,-0.9949,1.5484,0.6436,0.7113,Oral
-0.6581,0.9539,0.2832,0.2571,2.3449,Nasal
0.1453,-0.5815,0.9594,0.6838,2.4591,Oral
2.4346,0.3101,-0.4413,-0.6824,-0.251,Nasal
-0.6848,-0.6967,1.9306,0.9533,1.9281,Oral
1.4932,0.46,0.3181,-0.889,-0.3537,Nasal
-1.128,0.1555,1.7284,-1.4661,-0.1231,Nasal
0.2375,1.7283,-1.5504,0.6472,-0.546,Nasal
-0.5296,1.338,-0.0539,0.1701,-0.8587,Nasal
1.1,-0.4559,-0.5126,-0.2757,-0.3492,Nasal
-0.7944,-0.98,-0.3724,-0.8236,-0.1231,Oral
-0.3762,0.8651,-1.3099,-0.7856,-0.2949,Nasal
1.4818,-0.8607,-0.7192,-0.4245,-0.0198,Nasal
-0.1834,-0.7804,1.5317,0.7916,2.0435,Oral
2.7822,-0.6332,-1.0162,-0.6258,-0.2124,Nasal
2.1577,-1.1439,-0.65,-0.2341,-0.2683,Nasal
0.3807,-0.4006,1.0162,0.3092,-0.5771,Oral
0.547,1.043,-1.358,-0.2606,-0.5577,Nasal
-0.4136,2.3832,-1.4916,-0.8054,-0.3863,Nasal
-0.8697,-1.1784,-0.4855,0.6709,2.5818,Nasal
-0.4624,-1.0691,0.0112,0.8478,1.9026,Nasal
0.7569,1.3079,-0.1946,-0.2295,0.108,Nasal
3.2972,-1.8786,-1.0128,-0.6224,-0.2286,Nasal
3.0759,-1.8411,-0.6622,-0.6167,-7e-04,Nasal
-0.574,-0.1707,1.4501,0.8379,1.6735,Oral
1.2285,0.2483,-0.5724,-0.3526,-0.2514,Nasal
0.8758,-0.8653,-0.7137,-0.3518,-0.4682,Nasal
-0.4876,0.9797,-1.2728,-0.7413,-0.2891,Nasal
-0.5102,2.3525,1.0597,-1.0395,-0.4191,Oral
-0.6091,-0.8264,-0.2752,0.8992,-1.869,Oral
-0.6022,0.2182,0.8599,-1.0706,-0.4955,Nasal
-1.1116,-0.0182,1.0295,-1.1923,-0.4924,Nasal
-0.0772,1.589,0.1699,-0.9252,-0.4314,Nasal
2.8821,-0.7188,-0.4792,0.3724,-0.4296,Nasal
2.7294,-1.7709,-0.6972,-0.6124,0.003,Nasal
-0.8264,-0.9985,-0.1519,1.8563,-1.2123,Oral
-0.3147,1.8099,-8e-04,-0.8478,-0.3923,Nasal
-0.7868,-0.8209,0.2755,0.5386,-0.1231,Oral
1.1474,-0.7925,-0.9621,-0.401,-0.0159,Nasal
1.6023,0.0721,-0.3572,0.0469,-0.5199,Nasal
-0.7704,0.129,0.4456,0.192,-0.4925,Nasal
0.3448,-0.426,-1.0285,-0.4277,0.0109,Nasal
-0.3366,2.5075,-1.5525,-0.9077,-0.736,Nasal
-0.6496,0.3816,1.4336,-1.4853,0.9962,Nasal
0.6462,-0.0072,-0.4968,-0.2397,-0.2957,Nasal
0.1357,-0.8273,0.6196,1.3718,2.4527,Oral
0.6997,0.1691,-1.1903,-0.6725,0.0614,Nasal
1.5028,-1.0464,-0.5716,-0.5999,-0.1231,Nasal
-0.4439,-0.7434,1.5841,0.6493,0.9305,Oral
-0.6357,-0.5284,0.4414,2.1098,-1.9556,Oral
-0.5211,-0.6348,0.5908,0.536,0.8121,Oral
0.4317,-0.782,-1.1309,-0.2886,-0.2812,Nasal
-0.8745,-0.874,-0.2199,0.1177,-0.1231,Nasal
-0.1456,-0.5777,0.8519,1.912,-1.5872,Oral
1.9691,-0.2088,0.8081,-0.9247,-0.3353,Nasal
-0.6574,-0.2356,-0.2474,0.4674,-0.1231,Oral
1.6271,0.3561,-1.1669,-0.7016,-0.2614,Nasal
-0.8427,-1.0015,-0.0887,-0.5168,-0.1231,Oral
-0.235,1.3263,-1.4601,-0.781,-0.297,Nasal
-0.7087,-0.4688,1.3585,-1.7154,-1.3845,Nasal
-0.8378,-0.748,0.4254,0.9667,-0.1231,Oral
-1.1678,1.4405,0.2013,0.1095,-0.1231,Nasal
-0.3928,0.799,0.8584,1.5604,-0.9429,Oral
-0.7488,0.0217,0.7673,0.0972,-0.4398,Nasal
-0.0788,0.7112,0.1176,0.0642,0.3907,Oral
-0.1472,2.1734,-1.4628,-0.8149,-0.3447,Nasal
1.5837,-1.1065,-0.4481,-0.6234,-0.0146,Nasal
-0.5314,-0.4334,0.1538,1.4076,-0.1231,Oral
0.2678,1.9437,-1.3523,-0.7745,0.3142,Nasal
-0.1074,1.5633,-1.3971,-0.1912,-0.5653,Nasal
-0.6795,-0.3231,1.4386,-1.3308,-0.5805,Nasal
-1.0346,-0.1926,2.0592,-1.4075,-0.1231,Nasal
-0.7785,-0.8504,0.2002,1.7879,-1.1958,Oral
1.0142,-0.7987,-1.0867,-0.6832,-0.2955,Nasal
0.0669,1.8635,-1.3377,-0.7412,-0.3313,Nasal
0.4286,-0.2093,-1.1037,-0.622,-0.2185,Nasal
-0.6566,0.2435,0.8042,0.1524,-0.4724,Nasal
-0.3574,0.0262,-1.2104,-0.6669,-0.249,Nasal
-0.8645,-1.0706,-0.4994,0.0911,-0.1231,Nasal
-0.8238,-0.9295,0.0081,0.3569,0.9752,Oral
-0.5945,-0.3386,0.8785,0.8428,-1.2229,Oral
0.0611,-1.1055,1.2272,0.4405,0.5433,Oral
-0.369,2.2849,0.3117,0.3671,-0.5626,Oral
-1.0751,-0.2501,-1.1119,0.2646,-0.459,Nasal
-0.611,-0.3781,0.4089,0.7817,-0.1231,Oral
-0.6138,-0.2106,2.1195,-1.481,-0.1231,Nasal
2.4864,0.2189,-0.4801,-0.6736,-0.2489,Nasal
-1.0642,-0.6587,0.93,1.0094,-0.1231,Nasal
-0.8098,-0.7291,-0.2054,1.4396,-0.1231,Nasal
-0.4506,2.0009,0.1837,0.861,-0.6765,Oral
-0.7279,-0.101,1.0469,-1.1838,-0.447,Nasal
-0.2553,1.5904,0.9674,-1.1127,-0.4769,Nasal
6e-04,0.6317,-0.2411,-0.7759,0.1458,Nasal
-0.6142,0.1099,1.1287,0.7579,2.0254,Oral
-0.7094,-0.1929,1.4789,-1.3278,-0.5335,Nasal
-0.6132,1.319,0.288,0.127,-0.5685,Nasal
0.7084,-0.8187,-0.6616,-0.3277,-0.2487,Nasal
-0.6722,-1.0236,0.7705,1.6788,3.558,Oral
-0.3855,0.4211,0.9063,1.4067,-0.7242,Oral
2.0582,-0.9173,-0.664,-0.3471,-0.2091,Nasal
-0.2657,0.4528,1.5485,0.386,-0.5624,Oral
1.8865,-0.8553,-0.6023,-0.4063,-9e-04,Nasal
-0.2101,-0.4528,1.1233,0.749,2.3257,Oral
-0.6201,-0.2935,0.9084,0.636,-0.1231,Oral
-0.7885,-0.7857,0.6326,1.9861,-1.193,Nasal
-0.7033,-0.3684,1.8592,0.8765,0.7604,Nasal
-0.6286,-0.6672,1.5433,-1.3923,0.6978,Oral
-0.8401,-1.0394,-0.5637,-1.1145,1.6491,Nasal
-0.7441,-0.5494,1.9365,-1.5198,2.5243,Oral
-0.4589,0.0022,1.9938,-1.5339,0.9497,Oral
-0.7256,-0.0605,0.6778,-0.9926,-0.3857,Nasal
1.2596,1.3473,-1.3459,-0.7055,-0.2833,Oral
-0.6511,-0.8098,-0.122,1.0245,-0.1231,Nasal
0.2121,-0.0181,0.3703,0.0048,0.2778,Oral
-0.401,-0.2293,1.3027,-1.0803,-0.503,Nasal
-0.5984,-0.2767,2.4743,-1.6998,-0.1231,Nasal
-0.3858,1.2864,-0.2582,1.5625,-0.8375,Nasal
0.5457,1.5136,-1.2464,-0.7049,-0.3009,Nasal
-0.6425,-0.8234,-0.4,1.2899,1.0971,Oral
-0.524,0.7357,0.4514,-1.078,-0.1231,Nasal
-0.4371,-0.6794,0.5923,0.8008,3.4386,Oral
-0.7029,-0.7873,-0.1846,0.35,-0.1231,Nasal
-0.5442,0.1279,1.3804,-1.4088,-0.1231,Nasal
-0.5898,2.519,-1.6717,-0.0808,-0.4305,Nasal
-0.8258,-1.1713,-0.4849,1.3008,2.9813,Nasal
-0.4794,-0.4848,0.0626,1.28,-0.1231,Oral
-0.2617,-0.8897,1.7389,0.6171,-0.8716,Oral
0.1534,1.293,-0.1672,1.3401,-0.8662,Nasal
-0.7156,-0.9969,-0.0676,1.8076,2.7831,Oral
-0.4477,0.9943,-0.1152,0.0624,-0.1231,Nasal
3.0226,-0.921,-1.0198,-0.3793,0.0184,Nasal
-0.1347,1.7893,0.7972,-1.0756,-0.4655,Nasal
-0.7062,-1.0561,-0.1907,0.7953,-0.1231,Nasal
-0.7513,-0.7251,0.9972,0.5668,-0.9049,Oral
-0.4289,1.6295,-1.6109,0.2143,1.8406,Nasal
1.4337,-0.6825,-0.6994,-0.2688,-0.3606,Nasal
-0.6637,0.0834,2.2174,-1.4379,-0.7838,Nasal
-0.6162,-0.4037,0.0187,2.44,-1.5252,Oral
-0.8197,-0.878,-1.8729,1.5343,-1.4902,Oral
-0.7101,-0.9406,-0.1261,0.9242,-0.1231,Oral
-0.2187,1.5128,0.4171,-0.9441,-0.1231,Nasal
0.3926,1.0364,-1.248,-0.1928,-0.3561,Nasal
0.4237,0.1101,-0.5035,-0.2668,0.1584,Nasal
-0.8036,-0.6104,0.8142,1.3334,0.7746,Nasal
-0.698,-0.2481,1.8525,-1.3842,-0.1231,Nasal
-0.823,-1.0409,-0.1234,-0.8517,-0.9456,Nasal
-0.4747,0.3578,2.2246,-1.3655,-0.6798,Nasal
-0.1576,0.5931,-1.4098,-0.7987,-0.3917,Nasal
0.5874,-0.3213,-1.0786,-0.3967,-0.1231,Nasal
-0.7155,0.6661,-0.1049,-0.0884,-0.1231,Nasal
-0.413,-0.836,1.0534,1.1653,2.6108,Oral
-0.1457,-0.3229,-1.1644,-0.33,-0.2898,Nasal
-0.2303,2.0982,-1.7104,-0.1175,-0.1231,Nasal
1.0495,0.2948,0.5629,-1.0734,0.9926,Oral
0.4626,-0.3448,-1.1524,-0.3855,-0.2268,Nasal
-0.5089,1.0811,-1.3365,-0.2434,-0.3434,Nasal
-0.1441,0.6952,0.3549,-0.881,0.2477,Nasal
0.961,0.6563,0.6811,-0.8201,-0.3261,Nasal
1.2666,-0.7635,-0.7118,-0.2576,-0.3617,Nasal
-0.4242,-0.6379,1.5635,1.6587,-1.1219,Oral
-0.3859,1.2191,0.5039,1.2473,-0.8836,Oral
-0.5291,0.5439,-1.3227,-0.9645,0.9516,Oral
-0.6297,-0.0196,2.2724,-1.6101,-0.7638,Nasal
-0.3096,0.9186,-0.0294,-0.0657,0.222,Nasal
-0.6951,-0.6836,-1.5891,2.5708,-1.9333,Oral
-0.2249,1.3041,0.1357,-0.9669,0.21,Nasal
-0.3716,1.7662,-1.4458,-0.8948,-0.1231,Nasal
0.5394,1.2212,-1.268,-0.7759,0.1877,Nasal
0.8275,0.749,-1.1301,-0.6645,0.0423,Nasal
-0.3052,-0.0757,1.1198,-1.1472,-0.518,Oral
-0.4064,2.0965,-1.6351,-0.8325,-0.3793,Nasal
-0.782,-0.8818,0.3905,1.4796,-0.1231,Oral
0.7236,0.4369,-0.3682,1.2309,-0.8788,Nasal
-0.8395,-0.899,-0.4941,0.1499,1.7075,Nasal
-0.1962,0.2841,1.1109,0.3326,-0.5854,Nasal
-0.123,1.4828,-1.4108,-0.1338,-0.6213,Nasal
-0.3673,1.0472,-1.228,-0.2756,0.2539,Nasal
-0.2361,2.012,0.0873,-1.0093,-0.3603,Nasal
-0.279,-0.2467,1.1372,0.1977,-0.6782,Nasal
-0.7657,-0.8143,-2.3409,-1.4706,-0.7321,Oral
-0.4229,2.4397,0.4836,0.3879,-0.4781,Oral
1.8011,0.0785,-0.5768,-0.2287,-0.3004,Nasal
0.3637,1.5711,-1.3779,0.324,0.8206,Nasal
-0.5602,-0.6937,1.598,1.022,2.9129,Oral
3.3523,-1.8443,-0.6913,-0.619,-0.2549,Nasal
-0.5273,2.2313,0.0716,0.3761,-0.1231,Nasal
-1.3005,-0.3959,1.3569,-1.3567,-0.7627,Nasal
-0.3433,0.0532,0.2694,0.418,-1.3148,Oral
0.2729,1.5848,-1.2592,-0.7109,-0.4813,Nasal
-0.752,-0.9265,1.4761,0.4389,-1.3313,Oral
1.6823,0.9389,-1.1838,-0.7009,-0.2734,Nasal
1.6834,0.1567,-1.1605,-0.2635,-0.2863,Nasal
-0.8264,-0.9343,0.1596,0.5349,-1.0843,Oral
-0.6848,-0.2969,-0.2577,0.0408,-0.1231,Nasal
-1.0407,-1.8311,-1.5257,-1.258,1.8492,Oral
-0.8396,-0.7421,-1.7627,2.8147,-0.1231,Nasal
0.7231,0.5737,-0.3174,-0.1555,-0.4333,Nasal
0.1965,0.9744,-0.1804,1.0191,-0.8067,Nasal
-0.4097,2.6558,-1.4548,0.2799,-0.4663,Nasal
-0.8233,-0.6524,-0.5019,0.2211,-0.1231,Oral
1.5344,0.179,-1.1031,-0.6221,0.0261,Nasal
2.9624,-0.8354,-0.5968,-0.3116,0.3699,Nasal
-0.4065,-0.2621,0.7242,0.4884,3.152,Oral
0.2457,1.6678,-1.3747,-0.8695,1.4989,Nasal
-0.5876,-0.2718,1.2233,-1.2054,-0.6486,Nasal
-0.3755,1.1534,0.0909,-0.8395,-0.395,Nasal
0.549,-0.1453,-1.1425,-0.3819,-0.2345,Nasal
-0.881,-1.0964,0.0025,-0.7849,-0.6517,Oral
0.3691,1.2132,1.0282,-0.9164,-0.4092,Oral
-0.2941,-0.6082,1.4412,-1.0837,0.9825,Oral
-0.8713,-1.1571,-0.3814,-1.0952,-0.1231,Nasal
0.7001,0.2108,-1.1847,-0.6684,0.0842,Nasal
0.2867,-0.5745,-1.0413,-0.4199,-0.0276,Nasal
-0.5666,-0.2688,2.4564,-1.5908,-0.1231,Nasal
0.5588,-0.0933,-0.4098,-0.0436,-0.8035,Nasal
2.9439,-1.877,-0.7134,-0.6112,-0.2145,Nasal
-0.7847,-0.3074,1.3385,-1.2968,-0.5728,Nasal
-0.2414,0.7682,-1.204,-0.21,0.3266,Nasal
0.0038,0.8181,-1.3063,-0.701,-0.1231,Nasal
-0.5869,-0.1355,1.4052,-1.6182,-0.1231,Oral
-0.4603,-0.8948,1.4437,0.4179,0.6497,Oral
0.5049,0.0956,-1.1227,-0.6175,-0.2254,Nasal
-0.8527,-1.0849,-0.4714,0.976,2.1515,Nasal
-0.3773,-0.6109,0.3321,1.2009,-0.8065,Oral
-0.7688,-0.4767,0.1666,2.0627,-1.31,Nasal
0.0486,0.0145,-1.1866,-0.294,-0.3091,Nasal
-0.5837,-0.0709,0.2165,1.8175,-1.4515,Oral
1.1494,-1.8198,-0.5891,-0.3222,-0.2973,Nasal
0.1926,0.6945,-0.47,-0.2079,-0.4063,Nasal
-0.5605,1.1415,-1.4203,-0.0565,-0.1231,Nasal
-0.4675,0.4412,-0.2121,-0.8052,-0.3179,Nasal
-0.5142,2.0833,-1.4365,-0.0487,0.8996,Nasal
-0.1844,0.7586,-1.1879,-0.6893,-0.2521,Nasal
0.7269,0.1095,1.0382,-1.1148,-0.4105,Oral
1.3616,-0.2307,-0.3807,0.1485,0.9352,Nasal
-0.429,3.2787,-1.5898,-0.9674,-0.3817,Nasal
0.6156,0.2595,-1.1933,-0.3035,-0.4176,Nasal
-0.6245,-0.0995,1.4968,1.6841,-0.1231,Nasal
-0.2319,1.9278,-0.005,0.1121,1.566,Nasal
0.1188,1.2387,0.0155,0.8397,0.5849,Nasal
-0.6388,-0.2512,2.1874,-1.6056,1.0059,Nasal
1.4428,-0.9362,-0.9716,-0.3856,-0.2046,Nasal
1.4603,0.1529,-1.0754,-0.641,0.0091,Nasal
0.795,-0.1856,-1.0415,-0.6087,-0.01,Nasal
2.2361,-0.8325,-0.2127,0.3575,0.5658,Nasal
-0.7865,-0.268,-0.1602,1.1303,-0.1231,Oral
-0.6236,0.1863,-1.214,-0.7038,0.0764,Nasal
-0.6026,0.4187,0.5896,-1.139,-0.1231,Nasal
0.1551,1.7915,-1.3355,-0.9471,1.2762,Nasal
-0.6766,-0.5152,1.5204,-1.2865,-1.3483,Oral
-0.403,0.9866,1.5838,-1.3858,-0.1231,Nasal
-0.5853,-0.6864,-0.1654,0.8113,1.769,Nasal
-0.4287,1.4378,-1.3854,-0.8256,-0.3344,Nasal
-0.7889,-1.0888,-0.1099,1.8125,-0.1231,Nasal
-0.5302,0.3252,0.5479,-1.0438,-0.4357,Nasal
-0.6588,-0.438,1.8123,-1.2628,-0.6865,Oral
-0.6302,-0.6857,1.0632,1.3659,-0.8929,Nasal
-0.8335,-1.165,-0.2995,-0.7534,0.7881,Nasal
-0.6086,-0.7202,0.9353,0.4756,1.1047,Oral
0.0437,1.2765,1.0054,0.2941,-0.4536,Oral
-0.74,-0.6112,0.7941,1.1504,-1.048,Oral
-0.5375,0.9039,-0.0531,-0.1098,-0.4357,Nasal
-0.0942,1.5581,0.8769,-1.0624,-0.4995,Nasal
2.7525,-0.499,-1.0481,-0.4067,-0.2532,Nasal
-0.6545,-0.8085,1.3572,1.4714,0.8191,Nasal
-0.7522,-1.0032,1.3526,0.7062,-1.8543,Oral
-0.0731,-0.0794,-0.4829,-0.6441,-0.2345,Nasal
0.4739,1.3259,-1.2315,-0.7173,0.2996,Nasal
-0.625,1.0596,0.4038,0.2096,-0.8941,Nasal
1.4407,-0.6979,-0.9696,-0.4305,-0.1924,Nasal
1.447,0.334,-1.0899,-0.6258,0.0311,Nasal
-0.6761,1.4927,-1.4848,0.2175,-0.1231,Nasal
2.1446,-0.6907,0.3382,-0.8649,-0.3054,Nasal
0.8286,-0.8472,-0.9661,-0.4151,-0.0168,Nasal
-0.2427,-0.2612,1.6024,-1.0286,0.7946,Nasal
-0.4293,0.2242,1.5683,1.1539,-1.0095,Oral
0.2703,0.4559,-1.1887,-0.6851,-0.2361,Nasal
-0.7662,0.0951,0.0392,-0.0941,-0.1231,Nasal
-0.4523,0.7741,-0.0555,-0.7929,0.0958,Nasal
-0.1114,1.3704,0.3976,-0.9576,-0.416,Nasal
-0.7837,-0.6336,1.1205,1.0088,-0.1231,Nasal
0.0587,1.2096,-1.3802,-0.087,-0.4939,Nasal
1.2677,-0.2665,-0.6543,-0.3243,0.1102,Nasal
-0.8516,-1.0057,0.0705,0.3389,0.7007,Nasal
2.6039,-0.807,-0.601,-0.6116,-0.1973,Nasal
1.3723,0.1172,-0.2855,-0.041,-0.3554,Nasal
-0.0227,1.066,0.0783,1.2553,-0.8692,Nasal
2.0157,-0.7185,-0.6166,-0.3468,-0.3225,Nasal
2.7463,-0.9804,0.0406,-0.7586,-0.2763,Nasal
-0.6841,-0.1139,1.9593,-1.3308,-0.1231,Nasal
-0.6401,2.3134,-1.4687,1.042,-0.8136,Nasal
-0.5481,1.2361,0.3405,-1.3041,2.1709,Nasal
-0.6849,0.6556,0.7628,0.8245,-0.9661,Nasal
-0.7783,-1.0728,-0.2818,1.2884,-0.1231,Nasal
-0.2573,1.1922,0.8059,1.1028,-0.5985,Oral
1.9987,-0.9304,-1.018,-0.613,0.0817,Nasal
0.5304,0.2987,-1.1625,-0.1057,-0.1231,Nasal
-0.7523,-0.5656,0.1521,0.5363,-0.5481,Oral
-0.7122,-0.5283,0.5665,2.2271,-1.2267,Nasal
-0.4907,1.3401,-1.2611,-0.7262,-0.2834,Nasal
-0.1831,0.8047,0.895,0.4292,1.6334,Oral
-0.3337,2.1256,0.5338,0.2328,-0.539,Nasal
-0.6001,0.4939,-1.2501,-0.6836,-0.2738,Nasal
-0.0266,0.5648,-1.288,-0.7093,-0.3008,Nasal
0.4303,0.6523,-1.1967,-0.2929,-0.285,Nasal
-0.491,-0.4885,1.3216,-2.057,-0.8703,Nasal
-0.1226,1.4816,-0.0908,-0.0088,-0.7649,Nasal
1.2056,-0.2701,-0.3236,-0.0506,-0.4316,Nasal
-0.6631,-0.4148,0.1432,2.4319,-0.1231,Oral
-0.5754,0.6555,-0.2155,-0.1638,-0.2884,Nasal
-0.4562,-0.7375,0.5991,0.9062,3.5204,Oral
1.2255,-1.9339,-0.693,-0.6317,-0.0014,Nasal
-0.7746,-0.9828,0.0923,2.4407,-1.4243,Nasal
-0.7074,-0.1996,1.1068,-1.2357,-0.1231,Nasal
-0.6293,0.5071,0.114,-0.095,-0.3265,Nasal
-0.666,0.3989,-0.088,-0.1658,0.1581,Nasal
-0.1814,-0.77,-0.0896,2.2,-1.1029,Oral
-0.803,-0.6197,-0.5362,0.1458,-0.1231,Oral
-0.7849,-0.8426,0.6211,1.3964,-1.6104,Nasal
0.3044,1.5663,-1.2611,-0.7053,0.1886,Nasal
0.1886,0.8183,0.0726,1.3695,-0.8113,Nasal
2.0706,-0.7256,-1.033,-0.4151,-0.1838,Nasal
0.3165,1.1835,1.0221,-0.9721,-0.3729,Oral
-0.8339,-1.0114,-0.2092,0.5659,1.4937,Nasal
-0.8433,-0.9243,-0.5037,0.1273,1.5963,Nasal
-0.7726,-0.5212,1.1402,-1.5134,-0.1231,Nasal
2.7989,-0.9783,-0.2875,0.3753,-0.5456,Nasal
-0.3324,-0.3988,1.8075,-1.5412,-0.6631,Nasal
2.4223,-0.2859,-0.0392,-0.7397,-0.2734,Nasal
1.5786,-0.8894,-0.6866,-0.3907,-0.2756,Nasal
-0.0078,1.1371,0.2745,1.1162,-0.8744,Oral
-0.7675,-1.0444,0.3333,-1.0244,0.7293,Oral
-0.5777,-0.1867,0.4569,0.4635,-0.4773,Nasal
-0.4616,-0.5828,1.3621,0.6495,2.2858,Oral
-0.6448,1.6619,-0.029,0.004,-0.3702,Nasal
2.3359,-1.1004,-0.6448,-0.4103,0.0622,Nasal
1.1566,-1.1808,-0.955,-0.4026,-0.2617,Nasal
-0.6635,-0.81,0.1905,2.2433,-1.9045,Oral
-0.8111,-0.6254,-2.074,2.0736,-1.8778,Nasal
-1.3139,-2.2425,0.8288,0.5115,-0.7538,Oral
-0.88,-1.1555,-0.3692,-1.1817,-0.1231,Nasal
-0.349,0.3842,1.2074,1.6803,-0.947,Oral
0.1804,1.8962,-0.0545,0.5458,-0.5082,Nasal
1.7924,-0.7094,-1.0006,-0.4238,-0.0464,Nasal
-0.7321,0.1045,0.4438,-1.1144,-0.1231,Nasal
2.7116,0.2518,-1.0731,-0.6258,-0.2263,Nasal
0.269,-0.8927,1.2207,0.481,-0.5526,Oral
-0.7295,-0.7613,1.181,0.5155,1.7888,Nasal
-0.6306,-0.7325,0.3833,1.3233,-1.1982,Nasal
-0.3367,-0.0938,0.5744,-0.9034,0.3127,Nasal
1.0731,0.4963,-1.1801,-0.6713,0.0574,Nasal
0.1456,1.6318,-1.4232,0.7028,-0.638,Nasal
0.7816,0.2221,-1.1272,-0.3453,-0.2606,Nasal
-0.5117,0.7933,-0.0878,-0.1264,-0.1231,Nasal
-0.5126,-0.3118,1.4317,0.7862,0.7853,Nasal
-0.7375,-0.5109,1.1327,0.8974,-0.1231,Nasal
-0.8287,-0.9401,0.3252,2.432,-0.1231,Nasal
1.9263,-1.014,-0.9891,-0.3895,-0.2404,Nasal
1.0769,-0.13,-1.0676,-0.6069,0.0032,Nasal
0.0442,1.9093,0.1237,-0.8687,-0.3889,Nasal
-0.6455,0.2609,-0.0952,-0.1268,0.0754,Nasal
-0.4694,1.5941,-1.3203,-0.2141,-0.4025,Nasal
-0.6966,-0.8516,-0.113,1.2014,-0.1231,Oral
0.5589,1.2495,0.3705,0.3485,-0.446,Oral
0.3041,0.0425,1.8512,-1.1346,-0.5019,Oral
-0.5789,-0.3833,0.3775,2.5662,-1.6034,Oral
-0.6286,-0.7481,-0.0334,0.6779,-0.1231,Oral
-0.5245,-0.3291,2.0029,-1.4147,-0.7761,Nasal
-0.6987,-0.3887,0.1995,-1.2197,1.3969,Oral
-0.7715,-1.0289,-0.1556,0.2812,2.2346,Nasal
-0.413,0.6683,-1.311,-0.7171,-0.2974,Nasal
-0.1017,2.2207,-1.4019,-0.7608,0.2016,Nasal
-0.6024,0.9654,-1.3759,-0.1281,-0.3351,Nasal
-0.4694,2.2896,-1.552,0.0142,-0.521,Nasal
-1.0785,-0.6526,0.6309,1.6678,-0.1231,Oral
-0.6287,-0.8216,1.6925,0.6936,2.281,Oral
-0.392,2.62,-1.372,-0.0573,1.0628,Nasal
-0.8408,-1.0885,-0.2314,-0.8013,-0.9149,Nasal
-0.719,0.1713,0.7052,0.1293,-0.4281,Nasal
-0.7717,-1.0921,-0.3528,-1.314,3.0462,Nasal
-0.4572,1.6093,0.361,-1.131,-0.1231,Nasal
-0.8246,-1.0439,-0.3816,0.9297,2.1106,Nasal
-0.8477,-1.176,-0.4816,0.0628,-0.1231,Nasal
-0.7755,-0.7996,0.6087,0.9058,-0.1231,Nasal
2.9236,-0.8739,-1.0026,-0.5999,-0.2062,Nasal
-0.6468,-0.3594,1.0991,0.7558,1.8547,Oral
-1.1673,0.1233,1.817,-1.36,-0.7217,Nasal
-0.8401,-0.3718,0.9454,-1.2346,-0.6483,Nasal
-1.1029,-1.9956,-0.0698,-1.4647,2.3841,Oral
0.4293,0.5628,-1.4531,-0.8426,-0.4298,Oral
-1.2757,-2.0831,-2.2509,-2.0181,1.1409,Nasal
-0.8118,-0.7242,-0.2651,0.1826,3.7703,Nasal
-0.482,-0.5388,0.542,1.7108,-1.0137,Nasal
3.2248,-0.9891,-0.4622,-0.0555,-0.3127,Nasal
-0.1012,-0.8017,1.029,0.8753,0.9006,Nasal
0.3445,0.4897,0.3402,-0.007,0.9114,Nasal
0.348,-0.7678,1.0654,0.2941,-0.5702,Oral
0.743,0.6973,-0.112,0.657,1.0946,Nasal
0.0866,0.8301,-1.3379,-0.7149,-0.2965,Nasal
1.6227,-0.1371,-0.3973,0.0547,-0.5661,Nasal
0.3557,0.768,-1.376,-0.7246,-0.3054,Nasal
-0.7257,-0.9516,0.0036,0.3922,1.1177,Oral
-0.5042,-0.8333,0.15,0.9242,-0.1231,Oral
0.4243,0.7727,-0.3282,0.3004,1.0241,Nasal
-0.7167,-0.6625,0.0319,-1.0275,2.4431,Oral
0.3765,-0.5645,-1.0048,-0.3966,-0.2114,Nasal
1.3953,-0.0916,-0.5266,-0.2271,-0.2344,Nasal
-0.5321,-0.9774,0.1463,2.0067,-1.0442,Nasal
-0.6362,0.9673,1.1376,0.3718,-0.1231,Nasal
-0.3843,1.3973,0.3267,0.4415,-0.6237,Oral
-0.5166,0.5447,0.0669,-3e-04,-0.4216,Nasal
-0.7887,-0.2858,1.6645,-1.4361,-0.6064,Nasal
0.1549,1.7908,-1.3354,-0.947,1.2762,Nasal
-0.5488,1.7273,-1.472,-0.8479,-0.3573,Nasal
-0.6289,-0.4544,1.5266,1.1903,1.8911,Oral
-0.0169,-0.1662,-1.1261,-0.3348,-0.2918,Nasal
-0.0938,0.9994,0.1962,1.0634,-0.7699,Nasal
-0.7551,-0.8658,-0.2559,1.8869,-0.1231,Oral
-0.6627,-1.0863,-0.0608,2.2342,-0.1231,Nasal
-0.643,0.125,2.3924,-1.6782,-0.1231,Nasal
0.2972,1.3978,-1.3237,-1.0051,1.4237,Nasal
-0.8102,-1.1793,-0.3381,-1.2963,-1.9345,Nasal
1.6907,-0.6807,-0.9706,-0.5924,-0.0403,Nasal
1.2218,-0.5307,-0.6276,-0.331,-0.2544,Nasal
0.4539,0.4163,-0.2611,-0.0935,0.3676,Nasal
-0.8629,-1.0678,0.2742,1.8507,-1.5552,Oral
-0.4691,0.9272,-1.29,0.054,0.7203,Nasal
1.239,-0.0191,-0.5716,-0.372,-0.2377,Nasal
-0.4177,1.9009,0.6241,0.2544,-0.4502,Oral
-0.2245,2.2332,-1.536,0.6001,-0.6896,Nasal
1.7275,-0.3701,-0.399,-0.6543,-0.2346,Nasal
-0.3038,2.5951,-1.5547,0.4407,-0.588,Nasal
-0.8385,-1.095,-0.2854,1.3762,-0.1231,Nasal
-0.1887,0.6779,-1.2867,-0.6916,-0.2586,Nasal
-0.6414,-0.7977,0.1084,-1.2673,3.2772,Nasal
0.31,-0.7315,2.3519,-1.3153,-0.5515,Oral
-0.5249,-0.2301,2.3071,-1.5195,-0.1231,Nasal
0.1181,1.3551,-1.3787,-0.1937,-0.3482,Nasal
-0.7686,-0.8812,0.45,-1.0351,0.4652,Oral
2.6282,-1.8339,-0.7451,-0.4007,-0.265,Nasal
-0.1434,-0.4818,0.7448,0.6506,2.8878,Oral
-0.5966,-0.0192,-0.2479,-0.1249,-0.1231,Nasal
0.1263,-0.3233,-1.1095,-0.3802,0.0774,Nasal
-0.4991,1.7966,-1.5313,1.5043,-0.909,Oral
-0.5747,0.0755,0.4389,0.1732,-1.0135,Nasal
0.8501,0.4862,0.0169,-0.0085,0.5559,Nasal
0.3581,0.9429,-0.1412,-0.7574,-0.4298,Nasal
-0.0016,2.2226,-1.5129,0.18,0.3721,Nasal
-0.6551,-1.1187,-0.1753,2.3194,-1.4914,Nasal
-0.2531,0.1588,-1.714,-0.8619,-0.4561,Nasal
-0.7691,-0.7199,-0.347,0.4537,-0.1231,Oral
-0.2551,2.8239,-1.6491,-0.143,-0.3837,Nasal
-0.1329,-0.4686,1.1791,2.1525,-1.1918,Oral
2.5364,-0.8066,0.3294,-0.7957,-0.2825,Nasal
-0.7827,-0.4106,1.7628,-1.4866,-1.0861,Nasal
-0.5373,-0.7864,0.022,1.3967,1.7967,Oral
-0.7323,-0.8361,0.1739,2.0125,-1.1804,Nasal
-0.2156,1.9335,0.4742,0.2989,-0.5014,Nasal
2.5694,-1.7891,-0.9848,-0.4264,-0.0113,Nasal
-0.1354,0.9873,0.2667,1.0152,-0.7757,Nasal
0.2371,1.2781,1.0592,-0.9875,-0.4116,Oral
-0.8312,-0.8778,-0.4859,0.5195,-0.1231,Oral
-0.6251,-0.2717,1.6222,-1.6574,-0.1231,Nasal
-0.6073,-0.4668,1.0371,-1.2935,0.7494,Oral
3.1775,-1.945,-1.0334,-0.401,-0.2351,Nasal
-0.7882,-1.0768,-0.2292,0.1874,1.9816,Nasal
2.5842,-1.0694,0.6736,-0.9293,-0.3399,Nasal
-0.7781,-0.6973,-0.3601,-0.1391,1.5259,Oral
-0.8403,-0.8847,0.3882,2.1237,-1.4822,Nasal
1.3771,-0.0034,-0.2917,-0.0701,-0.3554,Nasal
1.2624,0.2292,-1.1376,-0.3395,-0.255,Nasal
-0.4797,-0.2247,-0.1092,0.7352,-0.6949,Oral
0.6884,1.5697,0.3654,-0.7868,-0.3145,Oral
0.0512,2.4678,-1.5252,0.1854,0.4406,Nasal
3.0476,-0.1726,-0.488,-0.1393,0.0937,Nasal
-0.8018,-0.7745,-0.4206,0.2506,2.1418,Oral
-0.7244,-0.864,-0.1295,0.8688,4.2712,Nasal
3.4894,-1.8037,-0.3135,-0.6782,-0.2368,Nasal
-0.6879,-0.4719,1.2835,-1.2314,-0.6302,Nasal
0.3569,1.7958,-1.3382,-0.7382,-0.303,Nasal
1.0654,0.2797,-0.2901,-0.1723,1.2499,Nasal
-0.5023,0.6536,1.0146,-1.0883,-0.1231,Nasal
0.9851,0.782,-1.1738,-0.3391,0.1489,Nasal
-1.0432,-0.9706,0.3267,-0.5168,-0.1231,Nasal
1.229,-1.2024,-0.9579,-0.3872,-0.2439,Nasal
-1.1585,-2.3133,-1.7764,-1.3329,-0.6743,Nasal
-0.3682,0.9494,-0.1073,-0.1683,0.2858,Nasal
-0.7446,-0.6466,1.0925,1.1775,-1.5387,Oral
0.6211,0.2984,-1.1962,-0.2113,-0.4188,Nasal
-0.443,0.1423,1.032,0.4638,1.0956,Oral
-0.6948,0.358,0.6303,-1.1721,-0.1231,Nasal
-1.1235,-1.799,-1.2886,0.7617,2.7638,Oral
-0.0116,0.9257,-1.3268,-0.7047,0.1508,Nasal
0.8885,1.1597,0.3962,0.1821,-0.3865,Nasal
-0.4945,0.6626,0.8267,-1.1814,-0.6092,Nasal
-0.7776,-0.8781,-0.1619,1.182,1.3419,Oral
-1.0907,0.0425,0.7808,0.2157,-0.1231,Nasal
-1.3618,0.7205,0.275,-0.9728,-0.6028,Nasal
0.3508,-0.4461,-0.5975,-0.3948,0.0157,Nasal
1.1934,-0.4136,-0.0057,1.5354,-0.8917,Nasal
-0.0418,-0.4523,1.2829,1.6698,-0.1231,Oral
2.3562,-0.9263,0.3153,-0.8148,-0.2939,Nasal
0.3725,-0.2957,-1.0874,-0.3971,-0.0182,Nasal
-0.8109,-0.8854,0.1342,-1.4067,-0.1231,Oral
2.5462,-1.8324,-0.9943,-0.602,-0.2094,Nasal
-0.3017,-2.525,0.4274,-1.2353,-0.1231,Nasal
-0.2871,2.3759,-1.5673,-0.0242,-0.4206,Nasal
-0.3484,1.5381,0.7424,0.2764,-0.1231,Nasal
0.4235,1.2593,-1.2712,-0.7174,-0.3086,Nasal
-0.1823,1.2078,-1.4274,-0.7955,-0.1231,Nasal
-0.5935,0.3241,-0.3878,-0.1295,-0.3178,Nasal
-0.7301,-0.8713,-0.0467,2.2318,-1.4284,Nasal
-0.7685,-0.9786,0.0816,1.9088,-1.6292,Nasal
0.183,1.1088,-1.2011,-0.7103,-0.3128,Nasal
-0.7102,0.0939,1.235,-1.516,-1.0476,Nasal
2.2892,-0.1813,-0.5098,-0.8194,0.4157,Nasal
0.7722,0.8502,-0.2557,1.1443,-0.6968,Nasal
2.8071,-0.9745,-1.0068,-0.4031,-0.2143,Nasal
0.3983,0.0928,-0.0741,1.7904,-0.9818,Nasal
-0.7294,-0.7257,-0.3021,0.4139,1.9765,Oral
-0.8362,-0.658,-0.5344,0.6464,2.1533,Oral
-0.5683,-0.9836,0.212,2.2277,-1.4932,Nasal
0.554,-0.5015,0.9015,1.5759,-0.9896,Oral
2.2824,-0.7942,-1.0161,-0.2901,0.0579,Nasal
0.9457,1.2864,-1.3702,0.03,0.8145,Nasal
-0.5038,1.2436,-1.3058,-0.1595,-0.319,Nasal
1.7995,-1.1518,-0.694,-0.3099,-0.2305,Nasal
-0.3337,1.163,1.5716,-1.2789,-0.6594,Nasal
-0.6047,-0.2681,1.8718,-1.4048,0.5295,Nasal
-0.6431,0.5618,1.4589,-1.32,-0.1231,Nasal
0.2823,1.0049,-1.365,1.364,-0.9064,Nasal
-0.5585,1.1618,-1.2518,-0.1417,-0.3326,Nasal
-0.0782,0.5489,-1.2994,-0.6955,0.0589,Nasal
-0.7288,-1.1503,-0.2421,1.2149,1.562,Oral
-0.6962,0.199,1.2124,-1.3009,-0.5811,Nasal
-0.6804,-0.0626,2.0098,-1.4412,1.9157,Nasal
-0.8321,-0.7361,-0.5349,0.4263,2.5676,Oral
-0.283,1.5874,-0.1217,-0.1401,0.3003,Nasal
1.2888,0.2286,-0.5638,-0.3344,-0.2584,Nasal
0.6149,-0.3238,-0.0162,0.2972,0.436,Oral
-0.4318,-0.2802,1.6809,-1.1639,-0.4853,Nasal
0.0029,-1.0522,0.512,1.9784,1.7791,Oral
-0.3977,1.1754,0.8376,0.2554,-0.5615,Nasal
1.1198,0.0131,-1.1331,-0.3517,0.0364,Nasal
-0.7451,-0.1548,0.8977,-1.1011,-0.1231,Nasal
-0.1581,1.4005,-1.5314,-0.1186,0.1506,Nasal
-0.7659,-0.9341,-0.3235,0.5009,-0.1231,Nasal
1.9399,-1.1803,-0.7161,-0.3129,-0.234,Nasal
-0.555,2.0314,-1.6058,0.2709,1.801,Nasal
-0.5575,0.211,1.8584,-1.3647,-0.1231,Nasal
-0.4713,-0.7687,1.567,0.7656,-1.5546,Oral
-0.7804,-0.7417,-0.1125,0.593,-1.091,Oral
-0.7466,-0.9708,0.0876,2.569,-1.5847,Nasal
2.5295,-1.015,0.5574,-0.8973,-0.3208,Nasal
0.0033,1.194,1.0515,0.0397,-0.4366,Oral
0.1707,1.201,-0.182,1.3962,-0.8788,Nasal
-1.0096,-1.0367,-0.4372,0.1529,-1.5916,Nasal
-0.3774,0.6537,0.5191,0.0626,-0.4328,Nasal
0.2349,0.6752,-1.158,-0.6532,0.0437,Nasal
0.1647,-0.4562,1.5191,0.4075,0.5115,Nasal
1.9133,-0.204,0.0992,0.4017,-0.4839,Nasal
2.0007,-0.7551,-0.6517,-0.3099,0.0517,Nasal
-0.6912,-0.463,-0.2617,1.7918,-1.9449,Oral
3.0422,-1.8659,-0.6845,-0.6261,-0.2702,Nasal
0.92,0.6044,0.8443,-0.9475,-0.3982,Nasal
-0.1262,0.2986,1.2996,0.4343,2.1115,Oral
-0.2431,-0.4234,0.7602,1.0318,-0.7234,Oral
1.4013,0.8494,-1.1995,-0.2953,0.0728,Nasal
-0.8722,-1.1463,-0.4763,-1.3081,-0.1231,Nasal
0.8912,1.8168,-1.259,-0.7525,0.2825,Nasal
-0.6676,-0.052,1.9901,-1.3732,2.0514,Nasal
-0.6568,-0.6995,0.937,1.1641,1.0827,Nasal
-0.1339,0.3085,-1.2734,-0.2693,-0.4994,Nasal
0.3505,-0.6959,2.2735,-1.2904,-0.5403,Oral
-0.3343,-0.2022,0.8518,-0.9105,0.199,Nasal
-0.7548,-0.8951,0.7977,0.759,-1.8749,Nasal
-0.8036,-0.5091,0.5982,1.6408,-0.1231,Nasal
1.418,1.1201,-0.2556,0.0664,0.3949,Nasal
0.924,-0.0405,-0.3924,-0.7059,-0.8396,Nasal
-0.6385,-0.5129,0.1677,2.1893,-0.1231,Oral
-0.5762,-0.9467,1.2379,1.5253,2.4269,Oral
2.4888,-1.0946,-1.0004,-0.6161,-0.2132,Nasal
0.1156,2.3464,-1.5305,0.1785,0.4867,Nasal
-0.2848,0.0574,1.1164,1.3677,-0.8116,Oral
-0.5339,-0.6566,1.3213,0.5009,-0.7552,Nasal
-0.4485,2.3333,-1.4581,-0.1034,1.1855,Nasal
-0.5342,1.8493,-1.3017,-0.7531,0.1679,Nasal
1.319,-0.3175,-0.6584,-0.3366,0.0972,Nasal
-0.817,-0.7796,0.4883,0.6843,-0.9441,Oral
-0.6773,-0.27,2.0409,-1.5986,0.9351,Nasal
-0.5299,0.0355,0.9374,1.4825,-0.1231,Oral
-0.6457,-0.5031,1.9912,-1.3159,-0.708,Nasal
2.5194,-0.9609,-1.0058,-0.4029,0.0102,Nasal
-0.317,2.0778,-1.3517,-0.7904,0.2038,Nasal
1.2987,1.3156,-1.335,-0.6919,-0.2756,Oral
-0.1068,-0.8083,1.4425,-1.2704,0.5487,Oral
-0.2533,0.6568,0.4907,0.6369,2.0212,Nasal
2.4057,-0.8581,-0.986,-0.4134,-0.194,Nasal
1.5497,-0.9702,-0.698,-0.3583,-0.3902,Nasal
-0.4514,1.6367,0.3161,0.4275,-0.1231,Nasal
1.4593,-0.4021,-0.4471,-0.1747,0.7643,Nasal
1.6981,-0.915,-0.6698,-0.3821,0.0572,Nasal
0.1099,1.572,-1.3546,0.7196,-0.6122,Oral
0.4183,1.2625,-0.1041,-1.1063,1.2313,Nasal
-0.4858,1.196,0.1125,0.0983,1.7227,Nasal
-0.3007,1.629,0.0526,0.7626,-0.8304,Oral
-0.8041,-1.0994,-0.1908,2.2067,-1.4853,Nasal
0.0917,-0.5383,0.1458,1.2882,0.847,Oral
-0.2133,0.8377,-1.2323,-0.7132,0.1111,Nasal
-0.7131,0.1416,1.1992,0.3667,-0.1231,Nasal
0.0455,-0.3287,0.7972,0.9263,2.1826,Oral
0.9974,1.2278,-1.2608,0.2072,0.7452,Nasal
2.1689,-0.9003,-0.9878,-0.4272,-0.0352,Nasal
-0.6543,-0.0586,1.873,-1.4092,2.0983,Nasal
0.3963,0.1206,-1.1287,-0.6359,-0.2335,Nasal
0.0218,0.9751,0.1568,0.1512,0.9684,Oral
-0.5536,0.6828,0.5327,0.0679,-0.4824,Nasal
-0.2079,0.6535,0.8299,-1.0885,-0.9524,Nasal
-0.2119,-1.0446,0.8867,0.4975,1.1171,Oral
-0.5158,1.9879,-0.0333,0.1933,1.8264,Nasal
-0.6472,-0.3013,-0.1614,0.4146,1.373,Oral
-0.5287,0.5746,0.0517,-0.0426,-0.1231,Nasal
-0.4082,2.0353,-1.3754,-0.8002,-0.3953,Nasal
-0.7312,-0.2973,1.7652,-1.3537,-0.6029,Nasal
-0.1856,1.0033,0.1383,-0.8336,-0.3366,Nasal
-0.7691,-0.8246,-0.067,2.0819,-1.1997,Nasal
0.0084,-0.1837,0.6447,-1.9502,2.4658,Oral
-0.6043,0.0328,1.0465,2.4811,-1.3466,Oral
-0.6405,-0.1168,1.3598,-1.1767,-0.5287,Nasal
-0.3009,-0.3944,0.7936,-1.3027,-0.9704,Oral
2.9612,-0.4067,-1.0736,-0.339,0.4784,Nasal
0.0911,-0.2384,-0.1722,0.5141,1.3004,Oral
-0.4606,-0.8154,1.0865,0.948,2.9125,Oral
-0.7861,-1.1298,-0.1721,1.3996,3.125,Oral
-0.5243,1.4709,0.0504,-0.0613,0.2284,Nasal
-0.7504,-1.0635,-0.0809,1.2511,-1.5075,Oral
1.2102,-0.9394,-0.3795,-0.189,0.3795,Nasal
2.9267,-0.8008,-1.0296,-0.617,-0.2043,Nasal
-0.1715,0.0345,1.7518,1.2762,-0.1231,Oral
-0.718,-0.6835,0.0205,2.0199,-1.344,Nasal
-0.606,-0.6307,0.0185,2.3283,-2.1009,Oral
-0.7071,0.4308,0.3808,0.1179,-0.1231,Nasal
-0.7018,0.4425,0.4169,0.103,-0.47,Nasal
1.5998,-0.3177,-0.4811,-0.0505,0.9391,Nasal
-0.7648,-0.2542,1.3245,-1.3135,-0.5732,Nasal
-0.599,-0.7804,0.4672,0.5094,1.6072,Oral
-0.3683,1.2542,0.2642,-0.0025,-0.4797,Nasal
-0.7213,-0.2017,-0.1141,1.1026,-0.1231,Oral
-0.568,1.9098,-1.4179,-0.7562,0.2058,Nasal
-0.2705,-0.8248,1.7309,0.9123,0.8356,Oral
-0.8336,-1.1873,-0.501,1.2488,3.0265,Nasal
-0.333,0.5357,1.3274,1.3082,-0.8651,Oral
-0.7145,-1.0779,-1.849,1.5416,-1.7338,Oral
0.0873,-0.5608,1.3424,1.8128,-0.9919,Oral
0.9615,0.6563,0.6815,-0.8202,-0.3252,Nasal
-0.4593,0.6924,-1.2547,-0.7455,-0.3284,Nasal
-0.4417,-0.6514,1.6456,0.4281,0.9912,Oral
-0.7162,-0.0303,1.4107,-1.2134,-0.1231,Nasal
-0.8128,-1.0367,-0.4023,0.724,2.2237,Nasal
-1.0667,-0.8324,0.6663,1.9596,-1.5633,Nasal
-0.5458,-0.4933,0.6272,0.7408,-0.937,Oral
-0.1092,-0.5879,1.2076,2.2638,-1.0745,Oral
-0.3002,-0.4142,1.0578,0.5641,-1.0058,Nasal
-0.8293,-1.0715,-0.3534,1.7893,-1.9083,Nasal
-0.3046,-1.0076,1.2883,-1.2303,0.6204,Oral
-1.1146,1.0186,0.2667,0.0453,-0.1231,Nasal
-0.3035,-0.0764,0.8927,-1.1752,2.4302,Oral
-0.0689,1.6629,-1.6333,0.0267,-0.6391,Nasal
-0.3597,-0.048,0.1934,0.4597,-1.3445,Oral
-0.3295,1.1954,-1.2258,-0.7329,0.077,Nasal
3.189,-0.2592,-1.0303,-0.5779,-0.1953,Nasal
0.1848,-0.0341,1.3979,0.4626,0.6134,Oral
-0.1523,1.4445,1.1471,0.4383,-0.5086,Oral
0.9414,1.2681,-1.2912,-0.2285,0.1549,Nasal
-0.1399,1.4006,0.6361,0.2508,1.3576,Oral
-0.8134,-1.1321,-0.2335,2.216,-1.2706,Nasal
-2.1383,0.4204,-1.9134,-1.0343,-0.1231,Nasal
-0.5476,0.1251,0.3494,0.1057,-0.4902,Nasal
0.8508,1.2211,-1.4286,-0.2433,-0.3015,Nasal
-0.8098,-0.8403,-0.3072,0.0805,2.4975,Oral
-0.6761,-0.9247,0.5294,1.5703,1.2281,Nasal
1.6048,-0.4166,-0.4663,-0.2046,0.8336,Nasal
0.1005,0.8622,1.5288,-1.0876,-0.4494,Oral
-0.6028,0.1277,1.2811,-1.2334,-0.1231,Oral
0.1096,0.7811,0.2985,-0.876,-0.3571,Nasal
-0.5799,0.651,0.7137,-1.0347,-0.5375,Nasal
-0.6841,0.0889,0.6676,-1.1206,-0.5347,Nasal
0.3289,0.5656,0.3658,0.2093,0.5404,Nasal
0.3353,-0.7832,-0.4967,-0.2159,-0.4254,Nasal
-0.3554,-0.2999,0.5345,0.85,2.9479,Oral
-0.459,-0.5084,0.5276,1.6393,-0.9767,Nasal
1.9831,-1.7963,-0.6397,-0.3415,-0.3515,Nasal
-0.4661,0.0268,1.2195,-1.2236,-1.0257,Oral
-0.5731,-0.9784,0.9552,1.3191,-1.4726,Nasal
-0.8426,-1.0515,-0.348,0.2219,-0.1231,Oral
0.2324,0.3791,0.3587,-1.2173,-0.471,Oral
0.0981,0.5535,-0.2132,0.2908,-0.4669,Oral
-0.5877,-0.0062,0.3154,0.1135,-1.0518,Nasal
0.2952,0.9123,-1.3373,-0.2753,-0.316,Nasal
-0.7726,-1.087,-0.3544,-1.2695,2.8767,Nasal
-0.5492,-0.0473,-0.1556,-0.87,-0.3327,Nasal
-0.6715,-0.4541,1.6939,-1.3934,-0.1231,Nasal
0.2626,1.2442,-1.3137,-0.7711,-0.424,Nasal
-0.5663,-0.516,0.0466,0.7002,1.366,Oral
-0.6105,-0.6119,2.1173,-1.4873,0.7253,Oral
1.0459,-0.5624,-1.0379,-0.3686,0.0214,Nasal
-0.6198,0.4503,0.2213,0.0093,-0.4235,Nasal
-0.5669,-0.7967,0.2415,2.1566,2.1107,Oral
2.2244,-1.141,-0.9784,-0.4078,-0.2285,Nasal
-0.2681,-1.2789,0.92,0.584,-1.1025,Oral
-0.8283,-0.8019,-0.479,0.542,-0.1231,Oral
0.9143,-0.0993,-0.3635,-0.9107,2.0709,Nasal
0.067,2.2846,-1.4773,0.0152,0.458,Nasal
-0.1987,-0.907,0.0532,2.0434,-1.0898,Nasal
0.5482,0.0031,-0.3767,-0.0384,-0.796,Nasal
-0.7771,-0.7076,-0.0789,-1.7526,-0.1231,Oral
0.0915,1.2948,-1.3766,-0.7199,-0.293,Nasal
-0.2458,-0.5839,1.6217,-1.2137,-0.5204,Oral
-0.7805,-1.153,-0.4319,0.6666,2.6239,Nasal
-0.1267,-0.8923,0.1198,2.0606,-1.0929,Nasal
-0.3829,-0.5705,1.5609,-1.2887,1.1182,Oral
-0.7136,0.2063,0.6788,0.1303,-0.4272,Nasal
0.8364,1.3861,-1.2785,-0.7161,0.1275,Nasal
-0.5758,0.5265,1.6507,-1.2391,-0.1231,Nasal
-0.7256,-0.964,-0.0113,0.3116,1.1829,Oral
-0.6822,-0.6675,0.1936,2.1325,-1.6723,Oral
-0.4637,2.214,-1.3468,-0.749,0.1843,Nasal
-0.7476,0.4932,-0.0968,-0.0774,-0.1231,Nasal
1.5704,0.1042,-0.3651,0.158,1.1597,Nasal
-0.5926,-0.7137,-0.4549,0.9147,0.9687,Oral
-0.1692,-2.835,0.8656,-1.63,-0.7212,Oral
-1.894,-0.1738,-1.189,-0.6888,0,Nasal
-0.8085,-0.4932,-0.3285,1.0023,-0.1231,Oral
-0.6425,1.1468,0.2563,0.2867,-0.1231,Nasal
-0.3785,-1.0775,-0.4617,1.2974,2.2383,Oral
-0.8359,-0.9551,0.0029,2.6891,-0.1231,Oral
2.1397,-0.3728,-1.1202,-0.6119,-0.2096,Nasal
-0.732,-0.76,-0.28,0.4913,2.1099,Oral
-0.7971,-0.8742,0.052,2.3358,-0.1231,Oral
-0.7996,-0.6549,-0.3968,-1.5191,-0.1231,Oral
3.2009,-0.7622,-1.0234,-0.6378,-0.2201,Nasal
2.5566,-0.9303,-1.0038,-0.6044,-0.2071,Nasal
-0.3353,-1.0116,0.9599,0.3509,1.072,Oral
0.037,0.3384,-1.1405,-0.683,0.0442,Nasal
-0.7372,-0.9596,0.5824,1.5172,-1.2111,Nasal
0.9171,1.1492,0.3736,0.2412,-0.4201,Nasal
-0.5145,0.4363,-0.1365,-0.8285,-0.3437,Nasal
-0.3673,0.8283,0.457,-0.911,-0.5927,Oral
-0.3044,2.5938,-1.5543,0.4404,-0.5879,Nasal
-0.1662,0.7933,0.3206,-0.9321,-0.3956,Nasal
0.9544,0.7269,-1.2464,-0.6642,-0.2857,Nasal
-0.6069,-0.7013,0.991,0.568,1.0934,Oral
-0.7251,-0.611,0.3997,1.8927,-1.3445,Oral
-0.5188,-0.0142,0.8301,0.5786,-0.763,Oral
-0.8163,-0.7373,-0.2745,0.3998,1.1352,Nasal
-0.8464,-0.8817,-0.5513,0.2144,-0.1231,Oral
-0.6863,-0.9534,-0.2741,1.3565,1.6787,Nasal
-0.7816,-0.5441,-0.4248,0.3777,1.4434,Nasal
-0.503,2.3377,-1.5277,0.0652,1.0205,Nasal
-0.2157,1.5606,-0.0298,0.1534,-0.4655,Nasal
-0.7595,-0.3374,1.0804,2.0377,-0.1231,Nasal
-0.7388,-0.3697,1.7099,0.7132,-0.1231,Nasal
0.3802,1.4864,-1.4058,-0.0494,0.4887,Nasal
-0.6574,-0.2813,1.5209,-1.7397,-0.7521,Nasal
0.6532,0.712,-1.2552,-0.6767,-0.2697,Nasal
-0.6744,-0.2689,-0.4188,0.0556,0.8434,Nasal
-0.693,-0.8982,0.3284,0.8847,-0.1231,Oral
-0.5203,1.0285,-0.1731,-0.1207,-0.3455,Nasal
-0.8264,-0.9464,0.1886,-0.5168,-0.1231,Nasal
0.3972,-0.4744,-0.592,-0.3837,0.0567,Nasal
-0.7304,-0.8379,0.1349,1.9883,-1.1854,Nasal
-0.563,-0.9715,1.0692,1.1076,1.5717,Nasal
-0.7044,-1.1093,-0.0737,1.9575,2.0882,Oral
-0.5913,-0.0183,0.0403,0.8566,1.1658,Oral
-0.3785,-1.0771,-0.4613,1.2974,2.2388,Oral
-1.1541,-0.7122,0.8235,-1.5785,-0.8305,Nasal
-0.081,-0.2451,0.9267,0.6182,-1.2819,Oral
-0.4666,0.5418,0.8238,0.2697,0.7431,Nasal
-0.327,1.0611,0.6191,0.2577,-0.4672,Oral
-0.2351,0.762,-5e-04,-0.1106,0.1989,Nasal
-0.6363,0.924,0.3132,0.2061,-0.8304,Nasal
0.8774,0.6884,-1.2049,-0.6782,-0.2485,Nasal
0.0863,0.3762,-0.4484,-0.3713,-0.1231,Nasal
-0.8252,-1.0206,-0.3564,0.0202,-0.7436,Oral
-0.7288,-0.0696,1.73,-1.4025,-0.7678,Nasal
-1.0666,-2.045,-1.793,-1.6467,-0.1231,Oral
-0.598,0.0529,2.1441,-1.7232,-0.9276,Nasal
-0.4167,1.8126,-1.6362,0.2699,1.6101,Nasal
0.2229,-0.5013,0.3545,0.8401,0.6842,Oral
-0.4659,-0.7636,1.1442,0.7491,2.9371,Oral
0.4219,0.5221,0.3799,0.0672,-0.5071,Oral
-0.805,-0.2813,-0.1303,1.3033,-0.1231,Oral
1.2825,0.2535,-1.1832,-0.2218,-0.2992,Nasal
-0.2555,1.8933,-1.2621,-0.7309,0.1264,Nasal
0.4608,0.872,-1.271,-0.7424,-0.3074,Nasal
-0.6684,0.3256,0.8828,0.3984,-0.8122,Nasal
-0.6036,2.3303,-1.5033,-0.1484,0.2147,Nasal
-0.379,0.8483,-1.7646,-0.9634,0.2514,Nasal
0.2072,1.3259,0.7269,0.4363,-0.4792,Oral
-0.2437,-0.8129,1.3964,1.0733,2.0147,Oral
-1.1129,0.2393,1.1036,-1.5342,-0.1231,Nasal
0.3138,0.5562,0.2798,0.1477,0.4209,Nasal
-0.595,1.2579,-0.0447,-0.1358,-0.5171,Nasal
-0.6195,0.8603,1.3051,-1.3043,-0.1231,Nasal
-0.8315,-0.7771,-0.186,0.5571,1.2546,Nasal
-0.4262,-0.1224,-0.3306,-1.2073,2.0647,Oral
-0.811,-1.0423,-0.3985,0.7546,-0.1231,Nasal
-0.5068,1.2043,-0.1382,-0.1093,-0.3568,Nasal
-0.6177,-0.4884,1.0941,0.5927,-0.1231,Nasal
-0.4983,0.5114,0.0945,0.055,0.3917,Oral
-0.7013,0.4599,1.4208,0.4688,1.1088,Nasal
1.493,-0.5515,-1.0302,-0.4103,0.0281,Nasal
1.0547,-0.3157,0.1149,1.4966,-0.8975,Nasal
-0.5027,0.2646,2.4764,-1.4448,-0.6618,Nasal
2.1941,-1.1818,-0.6876,-0.27,-0.2317,Nasal
0.6063,0.2044,-1.212,-0.679,0.0028,Nasal
-0.4459,0.757,-0.0199,-0.2055,0.0911,Nasal
-0.6883,0.1528,0.5657,-1.0146,0.3008,Nasal
0.1928,0.6252,0.1417,-0.0458,-1.1541,Nasal
0.1152,1.313,-1.4227,-0.7745,-0.1231,Nasal
-0.6762,0.4734,0.5157,-1.1379,-0.1231,Nasal
2.4501,-0.8563,-1.0191,-0.6356,-0.2237,Nasal
-0.372,0.858,1.9092,-1.3144,-0.6752,Nasal
-0.7419,-0.8835,-0.0163,1.9954,-0.1231,Nasal
-0.8175,-0.8935,0.197,0.6073,-1.0195,Oral
-0.5665,0.1019,0.2552,0.0749,-0.4694,Nasal
0.1017,0.5501,-0.2339,0.3349,-0.1231,Oral
0.4097,0.9957,-1.2831,-0.2149,0.2487,Nasal
2.1995,-0.1279,0.603,-0.791,-0.2901,Nasal
-0.5546,0.9296,0.6885,0.3481,-0.5602,Nasal
0.1893,0.4283,0.5474,-0.9671,1.5627,Oral
-0.8412,-0.756,0.4259,0.991,-0.1231,Oral
-0.6623,-0.8942,1.6207,0.5431,0.9379,Nasal
0.554,-0.5015,0.9015,1.5757,-0.9891,Oral
-0.2379,-0.7562,0.7366,0.2737,0.7501,Oral
-0.6286,1.8596,-1.3997,-0.7889,-0.3753,Nasal
-0.3609,2.1524,-1.767,-0.0677,-0.4702,Nasal
-0.8212,-0.9535,-0.2169,1.4849,1.4133,Oral
-0.7025,-1.0463,-0.1451,1.8565,2.0226,Oral
-0.2819,0.2336,-1.263,-0.7191,-0.2466,Nasal
-0.0784,0.2266,0.8155,-0.8986,-0.6616,Oral
-0.7272,-0.2857,1.5638,-1.6222,-0.1231,Nasal
0.7239,-0.3746,-1.062,-0.6097,0.008,Nasal
-0.7442,-0.958,0.5704,1.7608,-1.2094,Nasal
-0.6868,-0.7113,0.1262,2.2854,-1.8573,Oral
0.3503,1.4617,0.4806,0.213,-0.4517,Oral
-0.4762,0.4347,0.7202,0.2118,-0.911,Nasal
1.1068,0.0174,-1.1291,-0.3376,0.0422,Nasal
0.1239,1.1037,1.2262,-1.0793,0.8101,Nasal
-0.7701,-0.1151,0.8801,-1.0886,-0.4917,Nasal
0.0918,-0.4513,-1.0477,-0.4169,0.0605,Nasal
-0.7097,-0.8414,-0.3774,1.9518,-1.3969,Oral
-0.8218,-0.9323,-0.0395,0.3079,-0.1231,Nasal
-0.4014,1.5614,-1.546,-0.1047,-0.3818,Nasal
